kandidatas,mokesciai,gautos_paskolos,turtas,suteiktos_paskolos,gryni_pinigai,vertybiniai_popieriai,gautos_pajamos
Gintaras Ruseckas,3609.0,,526557.0,,,,156400.0
Gintaras Šileikis,646.0,,25203.0,,,,2803.0
Emanuelis Zingeris,4199.0,,9000.0,,,,9296.0
Birutė Teodora Visokavičienė,1440.0,,40091.0,,,,5447.0
Antanina Vitalija Šaučiūnienė,2162.0,,134800.0,,,,6418.0
Artūras Vazbys,0.0,,420.0,,,,685.0
Aldonas Treinys,294.0,,119.0,,,,2174.0
Zigmas Juozas Tamakauskas,2189.0,,2437.0,,,,6705.0
Algimantas Žukauskas,222.0,,6000.0,,,,2177.0
Gediminas Petrauskas,119.0,,62100.0,,,,1561.0
Arnoldas Taujanskas,0.0,,129927.0,,,,0.0
Irena Nijolė Vitkienė,2890.0,,0.0,,,,7824.0
Birutė Vėsaitė,1820.0,,4000.0,,,,4864.0
Jurijus Strižėnas,1770.0,,53390.0,,,,5067.0
Zita Žebrauskienė,1953.0,,35.0,,,,5744.0
Rolandas Zuoza,2363.0,,0.0,,,,6703.0
Jonas Volungevičius,2487.0,,18300.0,,,,8237.0
Renė Vingrienė,1302.0,,36213.0,,,,11146.0
Gražina Vilimienė,585.0,,57298.0,,,,4956.0
Vanda Vertelkienė,2525.0,,15188.0,,,,6054.0
Mečislav Vaškovič,7708.0,,2580000.0,,,,56296.0
Stasys Stačiokas,20923.0,,333.0,,,,41919.0
Laima Margarita Pangonytė,0.0,,280.0,,,,0.0
Vytautas Orlickas,0.0,,2000.0,,,,0.0
Gediminas Navaitis,3021.0,,7547.0,,,,8634.0
Algirdas Karalius,5217.0,,27399.0,,,,11440.0
Jurgis Gediminas Jakubčionis,1437.0,,180.0,,,,3957.0
Daiva Jakaitė,0.0,,0.0,,,,0.0
Tadeuš Filipovič,2369.0,,138.0,,,,8358.0
Pranas Dubaka,1604.0,,2494.0,,,,4433.0
Kęstutis Daugėla,150.0,,67341.0,,,,8000.0
Egidijus Bičkauskas,7258.0,,620.0,,,,15233.0
Jonas Vasiliauskas,5218.0,,193.0,,,,14663.0
Viačeslav Škil,4477.0,,64828.0,,,,10022.0
Algirdas Statkevičius,2009.0,,0.0,,,,2009.0
Algirdas Saudargas,4963.0,,4640.0,,,,10780.0
Jurgis Samulevičius,885.0,,258.0,,,,3049.0
Eglė Plioplienė,2489.0,,155187.0,,,,38276.0
Svetlana Novopolskaja,1431.0,,660.0,,,,4832.0
Algimantas Matulevičius,1325.0,,715943.0,,,,63885.0
Marius Marcinkevičius,0.0,,0.0,,,,20955.0
Jonas Maksimavičius,1328.0,,6048.0,,,,3913.0
Alicija Henrika Kiaunienė,0.0,,22079.0,,,,0.0
Povilas Gylys,10804.0,,6028.0,,,,39588.0
Gelminas Garbauskas,0.0,,3188.0,,,,4008.0
Audrius Čereška,874.0,,6100.0,,,,2474.0
Angelė Ambrazaitė,1324.0,,0.0,,,,3903.0
Rimtautas Trinka,267.0,,10.0,,,,733.0
Juozapas Tartilas,4580.0,,41055.0,,,,14535.0
Gintaras Steponavičius,5271.0,,11100.0,,,,53031.0
Rūta Miškinytė,1788.0,,187.0,,,,5664.0
Marija Matusevič,1356.0,,0.0,,,,3968.0
Rišard Litvinovič,3286.0,,1365622.0,,,,7743.0
Elvyra Janina Kunevičienė,4199.0,,25316.0,,,,15194.0
Vincentas Jasiulevičius,0.0,,26271.0,,,,1920.0
Arūnas Grumadas,3166.0,,27144.0,,,,7696.0
Jonas Dambrauskas,422.0,,199.0,,,,2134.0
Vytautas Dalangauskas,1019.0,,10312.0,,,,8291.0
Rimantas Jonas Dagys,5389.0,,352.0,,,,17945.0
Algimantas Buda,14677.0,,104436.0,,,,87733.0
Kazimieras Vytis Atkočiūnas,5998.0,,21221.0,,,,20566.0
Jevgenij Sazonov,79.0,,58597.0,,,,1470.0
Romualdas Rudzys,9206.0,,178753.0,,,,54338.0
Petras Musteikis,2048.0,,34.0,,,,5481.0
Aleksandras Moliboga,1149.0,,9200.0,,,,3594.0
Artūras Melianas,2729.0,,8695.0,,,,7772.0
Antanas Šarūnas Maliukevičius,5820.0,,9339.0,,,,25908.0
Zygmunt Mackevič,4452.0,,26719.0,,,,10416.0
Ryšard Maciejkianiec,4198.0,,40.0,,,,9296.0
Rimantas Juktonis,73.0,,19315.0,,,,1186.0
Romualda Jefremova,2470.0,,230.0,,,,6129.0
Larisa Dmitrijeva,0.0,,0.0,,,,80000.0
Michailas Bugakovas,3311.0,,0.0,,,,7714.0
Augustinas Kęstutis Bitlierius,0.0,,5006.0,,,,2415.0
Aldona Baranauskienė,7904.0,,32952.0,,,,16675.0
Liutauras Varanavičius,95.0,,147900.0,,,,110185.0
Povilas Varanauskas,2940.0,,51603.0,,,,26293.0
Vytautas Šustauskas,204.0,,6008.0,,,,915.0
Arimantas Juvencijus Raškinis,4963.0,,71164.0,,,,15278.0
Vasilijus Popovas,7857.0,,5104.0,,,,18800.0
Valentinas Vidmantas Norkus,0.0,,14000.0,,,,15688.0
Rytas Kupčinskas,2320.0,,0.0,,,,5895.0
Ona Jakubonienė,1680.0,,14926.0,,,,4578.0
Algirdas Augustinas Intas,27.0,,47246.0,,,,1592.0
Stasys Albinas Girdzijauskas,2792.0,,9319.0,,,,6567.0
Algirdas Pranas Gelčys,2270.0,,123.0,,,,5552.0
Rapolas Gediminas Sakalnikas,7019.0,,0.0,,,,18237.0
Romualdas Povilaitis,1890.0,,23672.0,,,,6088.0
Gintaras Petrikas,0.0,,5919521.0,,,,0.0
Feliksas Palubinskas,0.0,,11247.0,,,,0.0
Raimundas Lekas,2194.0,,1000.0,,,,5593.0
Juozapas Algirdas Katkus,4199.0,,21198.0,,,,9296.0
Vytautas Pijus Juraška,0.0,,366.0,,,,2814.0
Vytautas Juodagalvis,1204.0,,7437.0,,,,7226.0
Tomas Jazbutis,4060.0,,31975.0,,,,10984.0
Antanas Danielius,2407.0,,8730.0,,,,5821.0
Arvydas Barvainis,500.0,,271560.0,,,,2330.0
Vytautas Arbačiauskas,4198.0,,307578.0,,,,13794.0
Joana Danguolė Sadeikienė,3310.0,,145.0,,,,7757.0
Klemensas Rimšelis,2481.0,,25547.0,,,,6207.0
Vytautas Ratkelis,20.0,,23826.0,,,,3927.0
Algirdas Raslanas,3394.0,,26120.0,,,,8538.0
Algirdas Vaclovas Patackas,4199.0,,43095.0,,,,13794.0
Filomena Paškonienė,0.0,,150.0,,,,2022.0
Violeta Paškauskienė,4702.0,,18000.0,,,,8164.0
Vytautas Nezgada,0.0,,29032.0,,,,3747.0
Regina Kolaitienė,326.0,,2118.0,,,,1968.0
Juozas Kameneckas,4481.0,,100465.0,,,,21540.0
Gediminas Jankus,1636.0,,135.0,,,,7390.0
Vytautas Gylys,2414.0,,15007.0,,,,6015.0
Alekss Dajnovski,0.0,,151.0,,,,2251.0
Marijus Čižas,1776.0,,4070.0,,,,10040.0
Virgilijus Vladislovas Bulovas,9091.0,,10270.0,,,,27799.0
Gediminas Pažėra,89.0,,283.0,,,,3201.0
Kazimieras Leopoldas Pauliukas,1596.0,,49.0,,,,4244.0
Audronė Pacevičienė,136.0,,3756.0,,,,2121.0
Sigitas Juozas Marčiukaitis,4519.0,,14639.0,,,,14769.0
Bronislovas Kučinskas,2467.0,,35203.0,,,,45933.0
Povilas Katilius,4198.0,,4237.0,,,,15882.0
Leonas Kačinskas,5411.0,,6000.0,,,,12978.0
Monika Gervickienė,7456.0,,59395.0,,,,17295.0
Stanislovas Buškevičius,2121.0,,13817.0,,,,5782.0
Egidijus Bartusevičius,5079.0,,101337.0,,,,12998.0
Arminas Jonas Vaišvila,1611.0,,138319.0,,,,5133.0
Algimantas Povilas Tauras,4199.0,,261.0,,,,11686.0
Audrius Skimborauskas,204.0,,172.0,,,,916.0
Algimantas Jonas Sakalas,0.0,,307.0,,,,3514.0
Valdas Rupšys,0.0,,28.0,,,,0.0
Arūnas Mykolas Nesavas,35.0,,14332.0,,,,968.0
Antanina Medviedevienė,2472.0,,0.0,,,,6144.0
Vasilijus Kozlovskis,3729.0,,105.0,,,,6199.0
Romas Jonas Kalesinskas,4725.0,,10268.0,,,,13460.0
Vladimir Jarmolenko,4248.0,,15499.0,,,,21794.0
Antanas Dumčius,1642.0,,54137.0,,,,5046.0
Arimantas Dragūnevičius,204.0,,160900.0,,,,14625.0
Julius Antanas Baltrukonis,2105.0,,13185.0,,,,7691.0
Aleksandras Ambrazevičius,6025.0,,154416.0,,,,21092.0
Arūnas Aišparas,119.0,,120000.0,,,,1561.0
Darius Šleinius,702.0,,0.0,,,,3740.0
Valdas Petrauskas,4963.0,,17344.0,,,,19986.0
Brunonas Pakėnas,172.0,,90.0,,,,1648.0
Giedrė Kuzmickienė,1186.0,,139.0,,,,3530.0
Irena Keblerienė,5751.0,,51971.0,,,,21406.0
Antanas Petras Juška,7850.0,,3748.0,,,,16144.0
Vytautas Dubosaitis,1028.0,,88000.0,,,,3172.0
Vytautas Banevičius,875.0,,1121.0,,,,1929.0
Algimantas Auškalnis,2009.0,,156288.0,,,,5494.0
Giedrius Donatas Ašmys,406.0,,6439.0,,,,2265.0
Laima Liucija Andrikienė,4199.0,,68705.0,,,,13794.0
Vladas Ambrazaitis,567.0,,2723.0,,,,2401.0
Vladimir Tichonov,477.0,,87824.0,,,,22000.0
Jurijus Subotinas,0.0,,209.0,,,,0.0
Alfredas Henrikas Stasiulevičius,3996.0,,15805.0,,,,9130.0
Genovaitė Stanislovaitienė,881.0,,6189.0,,,,3024.0
Rimantas Ruzas,708.0,,56341.0,,,,2619.0
Vaclovas Vilius Pranarauskas,1908.0,,42189.0,,,,5808.0
Viačeslavas Mironovas,0.0,,4687.0,,,,0.0
Stanislovas Maleckas,509.0,,5870.0,,,,5331.0
Linas Antanas Linkevičius,10885.0,,15031.0,,,,22707.0
Kazimieras Kuzminskas,4198.0,,27.0,,,,13794.0
Virginijus Juodviršis,0.0,,172076.0,,,,0.0
Stanislovas Henrikas Gudonavičius,4458.0,,24860.0,,,,16558.0
Irena Bronė Girdzijauskaitė,1094.0,,71.0,,,,4254.0
Balys Gajauskas,4581.0,,32856.0,,,,14873.0
Jurgis Utovka,2981.0,,22441.0,,,,6651.0
Irena Šiaulienė,4963.0,,9240.0,,,,20241.0
Valė Julė Ragauskaitė,141.0,,71005.0,,,,2198.0
Rafael Muksinov,4284.0,,6000.0,,,,10478.0
Algirdas Kuniutis,1909.0,,16000.0,,,,4062.0
Kazimieras Jonas Jocius,0.0,,5451.0,,,,246.0
Eugenija Janukonienė,2325.0,,80955.0,,,,6177.0
Eugenijus Gentvilas,1318.0,,95000.0,,,,30080.0
Rimantas Didžiokas,2916.0,,37649.0,,,,9322.0
Nikolaj Severinčik,8524.0,,10803.0,,,,17766.0
Viktoras Rudenko,4263.0,,78780.0,,,,11987.0
Liudmila Rožkova,1454.0,,202963.0,,,,4604.0
Egidijus Prižgintas,2505.0,,15000.0,,,,6198.0
Aldona Maslauskienė,771.0,,41020.0,,,,3651.0
Aloyzas Martinavičius,1878.0,,32000.0,,,,4824.0
Leonas Makūnas,17349.0,,64900.0,,,,34828.0
Egidijus Klumbys,3646.0,,179148.0,,,,11641.0
Romualda Hofertienė,4199.0,,78.0,,,,9996.0
Narsutis Dumbauskas,908.0,,208000.0,,,,9083.0
Juozas Domarkas,1796.0,,58000.0,,,,4449.0
Audra Daujotienė,1847.0,,5179.0,,,,5787.0
Laimutė Ona Bakienė,0.0,,5609.0,,,,0.0
Algirdas Vileikis,2001.0,,0.0,,,,5271.0
Valentina Šimkuvienė,2804.0,,48000.0,,,,6796.0
Vida Stasiūnaitė,11537.0,,60000.0,,,,29983.0
Žilvinas Razminas,0.0,,30076.0,,,,0.0
Erna Pošiūnienė,0.0,,1000.0,,,,1560.0
Vincas Laurutis,5192.0,,70485.0,,,,11746.0
Vytautas Kazlauskas,2333.0,,0.0,,,,5675.0
Stasys Grigaliūnas,100.0,,49060.0,,,,16183.0
Dailis Alfonsas Barakauskas,5737.0,,77000.0,,,,32835.0
Romualdas Aksomaitis,0.0,,411399.0,,,,1956.0
Saulius Turskis,2939.0,,0.0,,,,7945.0
Nijolė Ščiukaitė,0.0,,10944.0,,,,3345.0
Kazimieras Šavinis,1446.0,,55675.0,,,,4150.0
Stanislovas Snieška,0.0,,11000.0,,,,2015.0
Vytautas Seilius,848.0,,4000.0,,,,2001.0
Vitalijus Rumbauskas,1958.0,,13915.0,,,,11280.0
Rimantas Lazdynas,2262.0,,25796.0,,,,15788.0
Stepas Janušonis,0.0,,20502.0,,,,4553.0
Leonas Jankauskas,545.0,,53457.0,,,,2260.0
Arvydas Juozapas Janavičius,1846.0,,13541.0,,,,5051.0
Arvydas Ivaškevičius,5420.0,,53980.0,,,,28706.0
Vytautas Giedraitis,3188.0,,50259.0,,,,7843.0
Algimantas Augys,1174.0,,136140.0,,,,18098.0
Kęstutis Skrebys,4963.0,,59000.0,,,,20241.0
Vitalijus Satkevičius,4353.0,,43208.0,,,,13079.0
Visvaldas Matkevičius,3288.0,,0.0,,,,8007.0
Jonas Liaučius,1099.0,,59557.0,,,,3086.0
Birutė Kriaučiūnienė,0.0,,35376.0,,,,0.0
Viturys Giknius,8184.0,,32000.0,,,,60019.0
Vytautas Steponas Buterlevičius,5196.0,,132158.0,,,,11865.0
Valerija Brazienė,0.0,,197398.0,,,,0.0
Petras Bartkevičius,1917.0,,59283.0,,,,5072.0
Rimantas Astrauskas,0.0,,26.0,,,,0.0
Zigfrid Račkovskis,700.0,,235309.0,,,,4260.0
Algirdas Pilvelis,0.0,,256212.0,,,,0.0
Aurelija Pilotienė,478.0,,2000.0,,,,1522.0
Saulius Mickus,101.0,,17679.0,,,,11178.0
Rimantas Matulis,2054.0,,4265.0,,,,5229.0
Albinas Lozuraitis,4963.0,,10076.0,,,,15278.0
Andrius Kubilius,5728.0,,102.0,,,,12264.0
Jurij Kobrin,0.0,,25100.0,,,,0.0
Bronislavas Genzelis,6600.0,,10844.0,,,,23544.0
Audrius Butkevičius,1496.0,,41900.0,,,,4498.0
Vasilij Asmolkov,7934.0,,1573916.0,,,,16918.0
Albinas Visockas,945.0,,1233.0,,,,3109.0
Feliksas Vaitkaitis,5969.0,,84207.0,,,,17522.0
Rimantas Šlajus,1686.0,,227.0,,,,3517.0
Vidmantas Žiemelis,4199.0,,38743.0,,,,13794.0
Linas Zaikauskas,3468.0,,0.0,,,,14046.0
Judita Simonavičiūtė,9075.0,,50000.0,,,,18948.0
Aivaras Vyšniauskas,4233.0,,0.0,,,,9548.0
Vytautas Vaikšnoras,0.0,,0.0,,,,0.0
Mindaugas Stakvilevičius,5722.0,,1220.0,,,,20591.0
Virginijus Ražukas,4837.0,,5264.0,,,,21905.0
Jurgutė Muliuolienė,1637.0,,0.0,,,,4510.0
Jan Mankelievič,3345.0,,0.0,,,,11691.0
Pranciškus Kundrotas,0.0,,0.0,,,,1200.0
Pranas Jurčiukonis,2975.0,,37712.0,,,,9599.0
Rolandas Juozas Grėbliūnas,1385.0,,51059.0,,,,4421.0
Juozas Galdikas,3511.0,,281892.0,,,,10679.0
Alvydas Baležentis,4837.0,,18590.0,,,,10720.0
Jonas Algirdas Antanaitis,4199.0,,37947.0,,,,17667.0
Alfonsas Aleksandravičius,2645.0,,22388.0,,,,6280.0
Česlovas Račas,1858.0,,132960.0,,,,5842.0
Edita Petruitienė,0.0,,6761.0,,,,0.0
Ulijana Petraitienė,306.0,,85945.0,,,,16011.0
Stasys Malkevičius,4981.0,,106500.0,,,,22024.0
Justinas Kniukšta,0.0,,8271.0,,,,2000.0
Aloyzas Každailevičius,7076.0,,21861.0,,,,16290.0
Petras Grecevičius,3336.0,,28784.0,,,,7881.0
Rimas Girskis,2498.0,,85351.0,,,,6848.0
Irena Galdikaitė,3308.0,,1095.0,,,,8695.0
Pranas Dėdinas,0.0,,27500.0,,,,2865.0
Anatolij Vasiljev,66.0,,3892.0,,,,21063.0
Eduardas Šablinskas,0.0,,332.0,,,,4635.0
Leonidas Syrus,3039.0,,104821.0,,,,7749.0
Ričardas Sabaliauskas,3242.0,,42348.0,,,,9126.0
Marijonas Ročius,1984.0,,42600.0,,,,5574.0
Rimantas Pleikys,2678.0,,985.0,,,,54266.0
Gediminas Adolfas Paviržis,5728.0,,28591.0,,,,12264.0
Arvydas Norkūnas,23.0,,4453.0,,,,1283.0
Stanislovas Liučvaitis,2613.0,,171.0,,,,7878.0
Valentin Jefimov,1736.0,,3517.0,,,,6663.0
Evaldas Vaclovas Gečiauskas,1831.0,,175.0,,,,4955.0
Galija Fedosiuk,1848.0,,0.0,,,,5535.0
Leonidas Endriulaitis,1656.0,,140.0,,,,4363.0
Virginijus Daukas,0.0,,397216.0,,,,0.0
Vytautas Bogušis,3915.0,,16379.0,,,,9580.0
Antanas Baskas,4861.0,,21655.0,,,,18259.0
Romanas Algimantas Sedlickas,0.0,,16000.0,,,,0.0
Aloyzas Sakalas,8363.0,,58226.0,,,,17865.0
Rūta Rutkelytė,3278.0,,260052.0,,,,251036.0
Juozapas Petkevičius,9270.0,,65028.0,,,,20189.0
Vincentas Mykolaitis,1837.0,,26833.0,,,,12467.0
Vytautas Aleksas Lazinko,3007.0,,177881.0,,,,7261.0
Jonas Rimantas Klimas,2689.0,,78769.0,,,,11056.0
Jevgenij Getmanskij,1418.0,,2646.0,,,,4087.0
Kazys Eringis,0.0,,7825.0,,,,6268.0
Vytautas Bronislovas Elenbergas,2888.0,,86835.0,,,,12940.0
Petras Cidzikas,0.0,,469.0,,,,2000.0
Rytis Benevičius,971.0,,216550.0,,,,3029.0
Vaclav Henrik Baranovskij,2165.0,,38154.0,,,,5576.0
Gintautas Babravičius,2813.0,,381757.0,,,,169391.0
Vytautas Astrauskas,5515.0,,152098.0,,,,18096.0
Valentinas Šapalas,1337.0,,12859.0,,,,9210.0
Rima Raznauskienė,1069.0,,0.0,,,,2931.0
Vladas Juchnevičius,1520.0,,33739.0,,,,4280.0
Vasilijus Jemeljanovas,2692.0,,38671.0,,,,12035.0
Elena Gradauskienė,2070.0,,211.0,,,,5355.0
Alfonsas Gedminas,499.0,,33392.0,,,,2385.0
Irena Degutienė,5643.0,,19996.0,,,,12638.0
Daiva Daugvilienė,322.0,,14898.0,,,,2957.0
Janina Brundzienė,5903.0,,241.0,,,,14718.0
Gintaras Binkauskas,3672.0,,9152.0,,,,8458.0
Vytenis Povilas Andriukaitis,4679.0,,200.0,,,,11064.0
Albertas Vaidila,76.0,,6772.0,,,,974.0
Raimondas Šukys,5584.0,,210479.0,,,,15206.0
Danutė Suboč,0.0,,10064.0,,,,0.0
Romualdas Stankaitis,2687.0,,28288.0,,,,12032.0
Olga Ruducha,1743.0,,10.0,,,,4719.0
Algirdas Orenius,4980.0,,0.0,,,,11697.0
Jolanta Malijauskienė,797.0,,14247.0,,,,2523.0
Algirdas Kunčinas,4963.0,,20473.0,,,,15277.0
Edvardas Kriščiūnas,1794.0,,0.0,,,,5869.0
Povilas Jakučionis,5718.0,,25907.0,,,,19216.0
Vygintas Gontis,8267.0,,14089.0,,,,19220.0
Algis Čaplikas,3671.0,,13415.0,,,,12316.0
Boleslovas Bilotas,0.0,,128.0,,,,2157.0
Audronius Ažubalis,658.0,,38000.0,,,,44723.0
Arvydas Akstinavičius,2853.0,,21345.0,,,,45222.0
Julius Veselka,4837.0,,61980.0,,,,10720.0
Valerij Tretjakov,250.0,,547209.0,,,,1337.0
Klemensas Šeputis,13147.0,,56778.0,,,,29552.0
Vikentij Suchovej,1404.0,,25477.0,,,,5918.0
Antanas Napoleonas Stasiškis,4276.0,,39111.0,,,,15707.0
Algirdas Sysas,3620.0,,260.0,,,,9246.0
Vytautas Rubavičius,1752.0,,11121.0,,,,7221.0
Viktoras Milvydas,42.0,,3059.0,,,,2605.0
Alvydas Medalinskas,19612.0,,55910.0,,,,40534.0
Liubovė Kolcova,1504.0,,4746.0,,,,4799.0
Algirdas Kizevičius,0.0,,102.0,,,,1488.0
Stasys Kaušinis,375.0,,29000.0,,,,2000.0
Regimantas Čiupaila,4695.0,,0.0,,,,10680.0
Sigita Burbienė,5705.0,,2120.0,,,,12769.0
Zenona Ona Atkočiūnienė,2156.0,,27625.0,,,,5767.0
Algimantas Andreika,2870.0,,0.0,,,,6743.0
Kazimieras Velžys,5857.0,,53425.0,,,,14643.0
Rapolas Vasiliauskas,81.0,,7917.0,,,,3821.0
Aleksandras Edmundas Žemaitaitis,4992.0,,23153.0,,,,10150.0
Jonas Valatka,2726.0,,27439.0,,,,8560.0
Algirdas Venckūnas,119.0,,18044.0,,,,1561.0
Jonas Viščius,0.0,,42069.0,,,,552.0
Arvydas Vidžiūnas,3194.0,,74250.0,,,,19992.0
Juozas Žebrauskas,3671.0,,58693.0,,,,16293.0
Birutė Valionytė,3491.0,,21573.0,,,,8968.0
Marijonas Visakavičius,4814.0,,2573.0,,,,20727.0
Margarita Zonienė,1572.0,,4000.0,,,,5041.0
Marijonas Žižliauskas,8330.0,,0.0,,,,17702.0
Viktoras Šugurovas,1970.0,,1753.0,,,,7523.0
Jaroslav Volkonovski,826.0,,13070.0,,,,2649.0
Vytautas Vedrickas,775.0,,195.0,,,,2978.0
Stanislav Vidtmann,2992.0,,1000.0,,,,9014.0
Petras Zajančkauskas,0.0,,3345.0,,,,5336.0
Virgilijus Šironas,2247.0,,7254.0,,,,16107.0
Valentinas Stundys,2311.0,,37.0,,,,6899.0
Juozas Saplinskas,3035.0,,40000.0,,,,7207.0
Everistas Raišuotis,4198.0,,4581.0,,,,0.0
Kazimira Danutė Prunskienė,0.0,,343984.0,,,,28350.0
Antanas Mickevičius,0.0,,0.0,,,,1355.0
Žilvinas Medelis,1781.0,,2530.0,,,,4789.0
Regina Lopienė,1188.0,,0.0,,,,4014.0
Ana Jurkevič,1804.0,,0.0,,,,4651.0
Albinas Jerašūnas,2338.0,,176656.0,,,,6121.0
Vygantas Guiga,2242.0,,16167.0,,,,11696.0
Vytautas Čereška,0.0,,12533.0,,,,0.0
Rimantas Čeponis,9625.0,,122289.0,,,,19643.0
Jonas Bendorius,2230.0,,37294.0,,,,16955.0
Vladislovas Uksas,2115.0,,6000.0,,,,5626.0
Virginijus Šmigelskas,3654.0,,20000.0,,,,8346.0
Vytautas Raudeliūnas,1441.0,,10000.0,,,,6755.0
Vanda Pukienė,4387.0,,0.0,,,,13563.0
Algimantas Paliukėnas,1541.0,,1000.0,,,,5816.0
Gabriel Jan Mincevič,4199.0,,20000.0,,,,9296.0
Emilius Graželis,2195.0,,13453.0,,,,6157.0
Bronius Bradauskas,10273.0,,541324.0,,,,228908.0
Marija Nijolė Bikauskienė,305.0,,418.0,,,,4408.0
Nijolė Ambrazaitytė,5280.0,,25787.0,,,,16043.0
Konstantinas Tumas,737.0,,110.0,,,,6556.0
Anatolijus Timofejevas,207.0,,12332.0,,,,1577.0
Marjan Simonovič,891.0,,129825.0,,,,18461.0
Jan Senkevič,0.0,,27156.0,,,,0.0
Henryk Sadovski,1911.0,,1719.0,,,,5945.0
Ruslan Platač,29.0,,30400.0,,,,410.0
Ottonas Petraškevičius,14351.0,,16582.0,,,,14351.0
Bronislava Novak,4509.0,,5947.0,,,,22531.0
Jan Golubovski,689.0,,41900.0,,,,2461.0
Juozas Dringelis,5728.0,,150.0,,,,14155.0
Albinas Buzūnas,1582.0,,1110414.0,,,,482947.0
Alfonsas Augulis,3016.0,,322.0,,,,7324.0
Ona Voinič,1318.0,,0.0,,,,3744.0
Valdemar Tomaševski,2328.0,,0.0,,,,5849.0
Galim Sitdykov,1534.0,,22865.0,,,,4125.0
Rimantas Remeika,3528.0,,12000.0,,,,8491.0
Larisa Puodžiūnienė,744.0,,176200.0,,,,1656.0
Algimantas Kavaliauskas,1053.0,,212013.0,,,,3586.0
Leonardas Kęstutis Jaskelevičius,4491.0,,28392.0,,,,15504.0
Sofija Daubaraitė,250.0,,11181.0,,,,1747.0
Leonas Alesionka,4963.0,,25534.0,,,,15278.0
Rimvydas Raimondas Survila,4002.0,,31347.0,,,,43676.0
Virmantas Steponavičius,1413.0,,36545.0,,,,5217.0
Zenonas Jonas Rudys,2314.0,,5642.0,,,,26281.0
Stasys Pilikauskas,402.0,,154676.0,,,,3199.0
Vytautas Mikalauskas,2627.0,,40.0,,,,8184.0
Kazys Algimantas Lisauskas,0.0,,52199.0,,,,6816.0
Lilijana Kaušakytė,887.0,,144.0,,,,4500.0
Zenonas Jurgelevičius,4668.0,,6145.0,,,,11901.0
Henrik Jankovski,95.0,,293.0,,,,3525.0
Adas Jakubauskas,4133.0,,72745.0,,,,11043.0
Juozas Bernatonis,8363.0,,175000.0,,,,22750.0
Danutė Aleksiūnienė,1410.0,,22125.0,,,,16785.0
Stasė Žabienė,1710.0,,3018.0,,,,4671.0
Antanas Terleckas,739.0,,0.0,,,,4705.0
Vaclovas Putvinskis,6099.0,,14387.0,,,,14147.0
Henrikas Antanas Petrauskas,1276.0,,2000.0,,,,3688.0
Kazimieras Petraitis,0.0,,10512.0,,,,1505.0
Saulius Pečeliūnas,4963.0,,26787.0,,,,10780.0
Gražina Paliokienė,2649.0,,46681.0,,,,7384.0
Antanas Načajus,0.0,,68659.0,,,,2326.0
Rasa Melnikienė,978.0,,15071.0,,,,4199.0
Jonas Mačiukevičius,3093.0,,38000.0,,,,14216.0
Antanas Kartunavičius,8035.0,,209522.0,,,,40942.0
Jonas Jarašius,464.0,,6041.0,,,,2233.0
Kęstutis Jakelis,2650.0,,107183.0,,,,8192.0
Andrejus Gotto,1833.0,,24487.0,,,,8316.0
Juozas Šalčius,499.0,,599.0,,,,3657.0
Arvydas Stirna,2924.0,,2697.0,,,,7641.0
Rimantas Sinkevičius,13069.0,,62317.0,,,,27203.0
Jonas Raiskas,1086.0,,10395.0,,,,3747.0
Jūratė Matekonienė,1831.0,,12256.0,,,,4886.0
Vilmanas Lugauskas,510.0,,61941.0,,,,3046.0
Rapolas Liužinas,4987.0,,147358.0,,,,28131.0
Gintas Jasiulionis,656.0,,4252.0,,,,3455.0
Jonas Jankauskas,148.0,,124.0,,,,2781.0
Peisachas Freidheimas,0.0,,8171.0,,,,4636.0
Pranas Urmonas Dailidė,224.0,,55844.0,,,,2510.0
Vytautas Bartkus,4434.0,,0.0,,,,11744.0
Algimantas Povilas Vanagas,2330.0,,0.0,,,,17587.0
Antanas Svetikas,1244.0,,101.0,,,,3747.0
Rimantas Smetona,1859.0,,2800.0,,,,4940.0
Edmundas Pupelis,0.0,,0.0,,,,0.0
Rimantas Nugaras,330.0,,154872.0,,,,28931.0
Jonas Mindaugas Nenartonis,4902.0,,120.0,,,,12892.0
Rita Mikutienė,636.0,,0.0,,,,4297.0
Rimgaudas Kazėnas,0.0,,3000.0,,,,5687.0
Egidijus Gustainis,0.0,,52039.0,,,,24758.0
Kęstutis Glebavičius,518.0,,0.0,,,,2827.0
Sigitas Čirba,4807.0,,0.0,,,,13341.0
Zenonas Šimkus,502.0,,64622.0,,,,18551.0
Algimantas Reičiūnas,1125.0,,203175.0,,,,8680.0
Antanas Račas,4202.0,,0.0,,,,9316.0
Leonilija Perminienė,5967.0,,28242.0,,,,14019.0
Stasys Makūnas,2994.0,,36500.0,,,,7622.0
Ona Kuprienė,3302.0,,32070.0,,,,11741.0
Vygaudas Keraitis,5294.0,,0.0,,,,14089.0
Albina Kavaliauskaitė,676.0,,134.0,,,,5601.0
Ronius Karopčikas,0.0,,9738.0,,,,9738.0
Vytautas Šunskis,0.0,,20690.0,,,,0.0
Jonas Štreimikis,3411.0,,22525.0,,,,10272.0
Sigitas Slavickas,4741.0,,11292.0,,,,11712.0
Gintaras Skamaročius,295.0,,5800.0,,,,4317.0
Dalia Genovaitė Patackienė,386.0,,40282.0,,,,2253.0
Juozas Olekas,4449.0,,9060.0,,,,7316.0
Bronislovas Algimantas Lelešius,97.0,,9072.0,,,,2028.0
Justinas Karosas,0.0,,314798.0,,,,0.0
Vytautas Jurgis Kadžys,0.0,,0.0,,,,5565.0
Adolfina Blauzdžiūnienė,0.0,,0.0,,,,1051.0
Vytautas Banaitis,2734.0,,0.0,,,,6696.0
Jonas Balsys,276.0,,187.0,,,,23125.0
Virmantas Velikonis,4199.0,,55857.0,,,,17294.0
Vladimiras Parfionovas,1433.0,,8000.0,,,,5075.0
Zenonas Macys,703.0,,30629.0,,,,1771.0
Ona Marija Liutkevičienė,0.0,,84850.0,,,,8954.0
Arimantas Dumčius,8299.0,,58039.0,,,,23084.0
Vladas Vilimas,802.0,,49.0,,,,6763.0
Juozas Algimantas Tuzikas,1991.0,,42229.0,,,,5009.0
Gražina Tamulytė,834.0,,800.0,,,,2950.0
Leonas Milčius,4581.0,,19627.0,,,,14535.0
Zina Kubilienė,3937.0,,125.0,,,,8805.0
Stanislovas Kalvaitis,926.0,,60500.0,,,,20389.0
Vladas Rimantas Gintaras,1847.0,,11200.0,,,,5343.0
Algimantas Barvainis,1038.0,,106107.0,,,,54861.0
Vytautas Anicetas Audzevičius,0.0,,153360.0,,,,4760.0
Irma Šiolinder,99.0,,15050.0,,,,4709.0
Juozas Mozeris,0.0,,2660.0,,,,3000.0
Vytautas Landsbergis,6990.0,,176774.0,,,,25127.0
Petras Jonaitis,783.0,,413729.0,,,,2656.0
Kazys Jankauskas,0.0,,45900.0,,,,0.0
Jonas Čaplikas,3385.0,,31277.0,,,,10422.0
Vygintas Aukštuolis,1056.0,,88.0,,,,5006.0
Vytautas Andriuškevičius,0.0,,4812.0,,,,3070.0
Albinas Kazys Albertynas,4199.0,,23094.0,,,,12920.0
Sigitas Urbonas,3456.0,,30897.0,,,,9019.0
Mečislovas Treinys,4595.0,,65373.0,,,,15268.0
Antanas Šatas,2475.0,,2849.0,,,,6944.0
Sakalas Natkevičius,510.0,,0.0,,,,1956.0
Pranas Morkūnas,2487.0,,106.0,,,,8973.0
Mindaugas Mikaila,11911.0,,70127.0,,,,36010.0
Kazimieras Kavaliauskas,0.0,,228.0,,,,0.0
Vytautas Čeponis,4249.0,,2500.0,,,,12100.0
Jonas Bunevičius,1554.0,,42071.0,,,,41133.0
Leonas Vaidotas Ašmantas,6348.0,,517895.0,,,,397828.0
Sigitas Plečkaitis,1389.0,,0.0,,,,5715.0
Simas Ramutis Petrikis,4982.0,,288878.0,,,,53707.0
Jonas Mačys,3065.0,,63346.0,,,,7825.0
Tamara Jurgytė Leonavičienė,79.0,,66300.0,,,,1071.0
Algirdas Butkevičius,1659.0,,59410.0,,,,8560.0
Kazimieras Adolfas Baršauskas,4939.0,,56144.0,,,,13617.0
Juozas Bagdanavičius,6550.0,,20877.0,,,,19019.0
Kęstutis Akramas,5802.0,,56147.0,,,,12410.0
Žilvinas Adomaitis,156.0,,126396.0,,,,25896.0
Marytė Ona Savickienė,2317.0,,0.0,,,,9638.0
Algirdas Reipas,2109.0,,0.0,,,,7563.0
Romualdas Padelskas,1092.0,,21995.0,,,,3732.0
Romualdas Ozolas,4207.0,,14766.0,,,,9348.0
Jurgis Krasnickas,5960.0,,50771.0,,,,14636.0
Jonas Juravičius,0.0,,0.0,,,,0.0
Ignas Aleškevičius,2882.0,,0.0,,,,6926.0
Tomas Vaisieta,969.0,,92000.0,,,,6042.0
Leonard Talmont,1108.0,,21749.0,,,,4830.0
Jonas Siudikas,9128.0,,102771.0,,,,10651.0
Aleksandras Gerutis Petrauskas,30.0,,0.0,,,,450.0
Mindaugas Lužys,5439.0,,18860.0,,,,13034.0
Tadeušas Lavrenovas,0.0,,802400.0,,,,0.0
Algis Kašėta,974.0,,30517.0,,,,5994.0
Marijona Karalienė,1885.0,,8175.0,,,,6041.0
Jonas Kalanta,1903.0,,20906.0,,,,11302.0
Stasys Jarmalavičius,23705.0,,19000.0,,,,49503.0
Adelė Ilginienė,2896.0,,8167.0,,,,10527.0
Kęstutis Gaška,4199.0,,370.0,,,,9296.0
Aleksandras Valentas,767.0,,4140.0,,,,2635.0
Laurynas Trimonis,7011.0,,123500.0,,,,26758.0
Leonidas Zabulionis,1600.0,,312000.0,,,,355312.0
Vytautas Vilys,1252.0,,197410.0,,,,11610.0
Saulius Uzdonas,119.0,,90.0,,,,1561.0
Gediminas Mykolas Variakojis,1105.0,,56815.0,,,,89741.0
Zuzana Visockienė,440.0,,0.0,,,,2564.0
Marija Šerienė,3178.0,,2035.0,,,,7326.0
Daiva Šniukaitė,2572.0,,192.0,,,,10291.0
Zenonas Stundžia,1891.0,,25627.0,,,,6438.0
Alfredas Stancelaitis,2216.0,,136645.0,,,,9267.0
Petras Navickas,3416.0,,86282.0,,,,10387.0
Rolandas Medžiūnas,339.0,,1000.0,,,,3673.0
Rimantas Liakas,0.0,,188537.0,,,,3358.0
Rimas Kriščiūnas,1510.0,,9980.0,,,,4342.0
Ramūnas Karbauskis,0.0,,555518.0,,,,109214.0
Vidmantė Jasukaitytė,0.0,,432000.0,,,,320000.0
Leonas Jalinskas,3744.0,,105996.0,,,,9194.0
Jurgis Ignas Ignotas,7514.0,,152720.0,,,,143523.0
Vincas Girnius,3684.0,,20925.0,,,,13180.0
Virgilijus Gedminas,2103.0,,40482.0,,,,7455.0
Vaclovas Domkus,245.0,,2000.0,,,,3404.0
Vladas Buinevičius,9696.0,,151303.0,,,,20152.0
Alvydas Šedžius,4830.0,,59066.0,,,,10946.0
Edvardas Raugalas,4215.0,,125239.0,,,,11007.0
Naglis Puteikis,7778.0,,0.0,,,,24522.0
Irena Petraitienė,4649.0,,47940.0,,,,15194.0
Vladas Paškevičius,0.0,,9408.0,,,,1928.0
Petras Motiejūnas,0.0,,3100.0,,,,0.0
Elena Morkūnienė,1716.0,,23319.0,,,,4558.0
Nikolaj Medvedev,4836.0,,0.0,,,,19894.0
Vladislovas Kramanauskas,839.0,,4200.0,,,,2774.0
Vytautas Kamblevičius,0.0,,254226.0,,,,0.0
Jonas Genys,0.0,,43344.0,,,,780.0
Albertas Šimėnas,3582.0,,19888.0,,,,23709.0
Antanas Matulas,4660.0,,26586.0,,,,11119.0
Vytautas Lalas,3074.0,,27812.0,,,,7113.0
Bronislavas Krikščiūnas,0.0,,13248.0,,,,10787.0
Antanas Karoblis,2060.0,,3273.0,,,,5543.0
Jonas Jagminas,2119.0,,383.0,,,,7167.0
Vytautas Einoris,12572.0,,153434.0,,,,49749.0
Juozas Bagdonas,105.0,,59880.0,,,,18100.0
Albinas Vaižmužis,4963.0,,80997.0,,,,15278.0
Liudvika Trasykytė,829.0,,34133.0,,,,2844.0
Povilas Šimkus,1117.0,,35546.0,,,,3503.0
Remigijus Šaknys,1740.0,,7649.0,,,,4652.0
Kęstutis Slavinskas,157.0,,0.0,,,,1300.0
Rolandas Paulauskas,2837.0,,87003.0,,,,12119.0
Zinaida Odinienė,1021.0,,20600.0,,,,3450.0
Venediktas Medvedevas,593.0,,6828.0,,,,0.0
Aurimas Martinka,551.0,,15000.0,,,,2405.0
Saulius Kubiliūnas,2363.0,,8185.0,,,,5734.0
Ruslanas Kolomakas,1018.0,,8000.0,,,,3311.0
Jonas Dževečka,695.0,,0.0,,,,2236.0
Loreta Stonienė,1202.0,,42000.0,,,,3955.0
Ona Simanavičienė,2438.0,,10357.0,,,,8207.0
Rasa Rastauskienė,1414.0,,8458.0,,,,3894.0
Rimanta Matlašaitienė,3001.0,,3797.0,,,,10289.0
Augustinas Mindaugas Lisauskas,19.0,,759225.0,,,,1871.0
Juozas Lapienis,1823.0,,34400.0,,,,4870.0
Feliksas Kolosauskas,5676.0,,238881.0,,,,17804.0
Jonas Jusaitis,679.0,,2000.0,,,,3931.0
Almonas Gutkauskas,2211.0,,20210.0,,,,5624.0
Antanas Drilinga,0.0,,95160.0,,,,3705.0
Romas Turonis,1176.0,,41830.0,,,,7200.0
Pranas Trukšnys,0.0,,216.0,,,,0.0
Petras Antanas Šalčius,1011.0,,65010.0,,,,3649.0
Jonas Romualdas Slyvauskas,2280.0,,4252.0,,,,5711.0
Antanas Slesariūnas,2540.0,,60600.0,,,,6260.0
Vytautas Saulis,4199.0,,12585.0,,,,15294.0
Julius Pagirys,4356.0,,8143.0,,,,4356.0
Andrius Norkus,0.0,,324000.0,,,,0.0
Nijolė Mincevičienė,0.0,,4070.0,,,,0.0
Gediminas Matiekus,2133.0,,2000.0,,,,6121.0
Lina Macaitienė,1621.0,,0.0,,,,7841.0
Vidmantas Kanopa,4371.0,,453184.0,,,,124596.0
Aldona Jašinskienė,1836.0,,93.0,,,,4903.0
Juozas Gavėnas,4519.0,,205.0,,,,10905.0
Petras Blaževičius,2183.0,,15000.0,,,,6204.0
Algimantas Šinkūnas,541.0,,38474.0,,,,1830.0
Jonas Šimėnas,2347.0,,33960.0,,,,7373.0
Saulius Šaltenis,6098.0,,631179.0,,,,26502.0
Vytautas Stundžia,649.0,,0.0,,,,2590.0
Algirdas Petrikas,4344.0,,29412.0,,,,10401.0
Milda Petrauskienė,5270.0,,117.0,,,,11561.0
Petras Panavas,2016.0,,193.0,,,,5286.0
Jonas Kerpiškis,772.0,,11493.0,,,,2828.0
Bronislavas Guobužas,0.0,,0.0,,,,6350.0
Alvydas Danauskas,497.0,,134.0,,,,2454.0
Elena Čekienė,1692.0,,0.0,,,,6946.0
Birutė Regina Akopian,0.0,,172.0,,,,0.0
Robertas Rukštelė,1098.0,,35000.0,,,,4286.0
Petras Papovas,11246.0,,120.0,,,,28614.0
Jonas Panamariovas,6308.0,,1412.0,,,,13576.0
Marytė Kontrimaitė,0.0,,0.0,,,,0.0
Oksana Kiričko,2572.0,,0.0,,,,8346.0
Stanislovas Juodvalkis,1138.0,,12171.0,,,,3416.0
Sergejus Dmitrijevas,0.0,,3440.0,,,,28000.0
Jelena Bachmėtjėva,212.0,,500.0,,,,4283.0
Kęstutis Trapikas,2410.0,,29588.0,,,,6996.0
Edmund Šot,758.0,,1351.0,,,,2912.0
Irena Šaltienė,3017.0,,403.0,,,,6897.0
Georgijus Skuratovas,156.0,,17500.0,,,,962.0
Bronis Ropė,3263.0,,48849.0,,,,9084.0
Algis Stasys Meilus,0.0,,16754.0,,,,3600.0
Rimvydas Maciulevičius,393.0,,335900.0,,,,402030.0
Marija Kalvaitienė,3009.0,,0.0,,,,7660.0
Česlovas Juršėnas,10126.0,,34655.0,,,,26172.0
Arūnas Domininkas Grabažis,1775.0,,405000.0,,,,9383.0
Gotfridas Ektis,906.0,,44200.0,,,,3733.0
Kęstutis Čeponis,948.0,,26686.0,,,,3490.0
Lina Bukauskienė,541.0,,0.0,,,,2511.0
Audrius Urbonavičius,1637.0,,15000.0,,,,6264.0
Jonas Vainauskas,3099.0,,9255.0,,,,8550.0
Antanas Vizbaras,0.0,,70.0,,,,0.0
Ieva Švarcaitė,0.0,,158.0,,,,1284.0
Kazimieras Valančauskas,2912.0,,2636.0,,,,10698.0
Ona Žėkienė,41282.0,,391737.0,,,,300517.0
Jonas Virkutis,2977.0,,30672.0,,,,8592.0
Regina Vileniškytė,324.0,,2900.0,,,,1352.0
Regina Taurinskienė,12792.0,,78000.0,,,,25476.0
Egidijus Skarbalius,2153.0,,271391.0,,,,26331.0
Vidas Noreika,4883.0,,18930.0,,,,10584.0
Sigitas Kaktys,5875.0,,58030.0,,,,41273.0
Jonas Jurkus,6088.0,,68030.0,,,,14042.0
Vidmantas Juodpusis,3298.0,,12034.0,,,,7484.0
Gėnė Jokubauskienė,854.0,,0.0,,,,3600.0
Pranas Gladkauskas,2972.0,,45091.0,,,,6849.0
Vladas Butėnas,5738.0,,23042.0,,,,12583.0
Adolfas Uža,0.0,,16783.0,,,,400.0
Violeta Sivilevičienė,4260.0,,15747.0,,,,9604.0
Stasys Poškus,0.0,,1360240.0,,,,936360.0
Eugenija Meškienė,4629.0,,32766.0,,,,11586.0
Vitalis Lizdenis,2405.0,,28675.0,,,,5937.0
Algirdas Aleksandras Kvedaravičius,2224.0,,185.0,,,,5535.0
Klemas Inta,2833.0,,8939.0,,,,10073.0
Jonas Gelažius,0.0,,15449.0,,,,2309.0
Jadvyga Dunauskaitė,2256.0,,938.0,,,,5784.0
Gediminas Vagnorius,4198.0,,10170.0,,,,108496.0
Vytautas Urbanavičius,1827.0,,52318.0,,,,6574.0
Kęstutis Trečiokas,3984.0,,53200.0,,,,9679.0
Kazys Sivickis,7017.0,,140976.0,,,,34109.0
Boleslovas Rudys,2267.0,,74072.0,,,,5732.0
Liudvikas Saulius Razma,1104.0,,36872.0,,,,4505.0
Jonas Majus,5398.0,,142470.0,,,,13294.0
Alvydas Jasevičius,2499.0,,82773.0,,,,7632.0
Gintautas Šimkus,200.0,,1600.0,,,,2040.0
Juozas Šapalas,932.0,,0.0,,,,2786.0
Jurgis Staševičius,2522.0,,38720.0,,,,6579.0
Bronius Vincas Rudzevičius,149.0,,6000.0,,,,1570.0
Liudvikas Ragauskis,7749.0,,44080.0,,,,33442.0
Zenonas Mačernius,2933.0,,216836.0,,,,32282.0
Juozas Listavičius,4244.0,,53270.0,,,,17344.0
Aurelija Liauškienė,1395.0,,13263.0,,,,9211.0
Stanislavas Jonaitis,2706.0,,32500.0,,,,6813.0
Alfonsas Jokūbaitis,741.0,,52994.0,,,,5439.0
Ričardas Jokimčius,150.0,,16424.0,,,,1500.0
Pranciškus Alfredas Šliužas,1527.0,,22119.0,,,,5648.0
Viktoras Antanas Ročka,0.0,,105700.0,,,,42000.0
Viktoras Petkus,2726.0,,118.0,,,,9827.0
Juozas Nekrošius,16524.0,,183029.0,,,,36674.0
Virginija Našlėnienė,856.0,,15000.0,,,,2549.0
Liudas Mažylis,2356.0,,11234.0,,,,6509.0
Alfonsas Maciukevičius,2726.0,,20000.0,,,,6626.0
Vytautas Petras Knašys,4604.0,,107247.0,,,,11372.0
Kęstutis Juknis,185.0,,8000.0,,,,2658.0
Jaroslavas Banevičius,100.0,,807700.0,,,,1370.0
Ona Babonienė,2062.0,,40000.0,,,,6480.0
Henrikas Vaicekauskas,2018.0,,20406.0,,,,5249.0
Ina Skurdenienė,348.0,,400.0,,,,1905.0
Algimantas Salamakinas,4199.0,,18252.0,,,,14072.0
Vincas Ramanauskas,1611.0,,10119.0,,,,6194.0
Asta Marytė Lapinskienė,1749.0,,111941.0,,,,4932.0
Danutė Elena Klimavičienė,65.0,,17715.0,,,,16074.0
Vigimantas Kisielius,2621.0,,616998.0,,,,6019.0
Valdemaras Kasperavičius,3552.0,,403.0,,,,8667.0
Henrikas Juškus,1975.0,,34581.0,,,,5314.0
Janina Antanina Grincevičienė,2459.0,,20950.0,,,,7070.0
Juozas Gaidamavičius,860.0,,34444.0,,,,2877.0
Irena Duchovska,2165.0,,784.0,,,,10187.0
Rimantas Dubosas,3639.0,,582613.0,,,,21436.0
Antanas Bružas,1211.0,,31604.0,,,,6345.0
Vytautas Bičiūnas,1241.0,,7143.0,,,,4918.0
Irena Urbelienė,2847.0,,7460.0,,,,7460.0
Vigilijus Štankelis,1014.0,,7000.0,,,,3458.0
Arimantas Račkauskas,4653.0,,69040.0,,,,12171.0
Petras Kaščionis,1640.0,,20297.0,,,,4497.0
Antanas Kairys,6632.0,,12706.0,,,,18640.0
Aloyzas Juodis,2735.0,,36011.0,,,,6644.0
Gediminas Dubauskas,1529.0,,990.0,,,,13702.0
Adolfas Damanskis,6670.0,,12770.0,,,,22377.0
Mindaugas Briedis,2801.0,,12000.0,,,,7066.0
Angelė Ambrazienė,1436.0,,13410.0,,,,3999.0
Zinaida Žegunienė,315.0,,599.0,,,,4450.0
Alfonsas Algimantas Zaliapugas,6554.0,,64614.0,,,,19413.0
Leonardas Želvys,3400.0,,42857.0,,,,7749.0
Romualdas Zemeckis,0.0,,32000.0,,,,0.0
Algimantas Vaitkaitis,1084.0,,50479.0,,,,12503.0
Antanas Tirevičius,2856.0,,46317.0,,,,9409.0
Genovaitė Šimkienė,0.0,,31600.0,,,,2061.0
Dainius Petras Paukštė,1589.0,,66000.0,,,,4410.0
Dalia Mulevičienė,9.0,,0.0,,,,908.0
Petras Algirdas Miškinis,5160.0,,15005.0,,,,11722.0
Vytautas Kazakevičius,514.0,,266.0,,,,6105.0
Antanas Zenonas Kaminskas,8181.0,,16342.0,,,,19202.0
Andriejus Anfimovas,2734.0,,186184.0,,,,116254.0
Jonas Ambrazaitis,184.0,,253.0,,,,1047.0
Vilija Aleknaitė Abramikienė,4211.0,,0.0,,,,13879.0
Rimantas Vaitkus,3835.0,,44564.0,,,,10477.0
Augustinas Salys,1526.0,,0.0,,,,0.0
Liudvikas Sabutis,4594.0,,26102.0,,,,11890.0
Stasys Recepas,810.0,,10421.0,,,,3299.0
Mykolas Pronckus,5728.0,,31515.0,,,,13410.0
Primas Noreika,3292.0,,24539.0,,,,8693.0
Audrius Klišonis,7374.0,,69650.0,,,,78000.0
Birutė Grinbergienė,1316.0,,179.0,,,,5613.0
Valentinas Zaborskas,349.0,,0.0,,,,2080.0
Stanislovas Valančius,0.0,,1026.0,,,,4111.0
Ignacas Stasys Uždavinys,5728.0,,297.0,,,,12254.0
Mindaugas Tamošauskas,1106.0,,10.0,,,,3613.0
Antanas Švitra,4413.0,,82076.0,,,,11446.0
Arvydas Stasiūnaitis,6182.0,,121620.0,,,,14554.0
Ksaveras Algimantas Purvinskas,2915.0,,0.0,,,,387830.0
Lilija Petraitienė,2517.0,,88163.0,,,,7372.0
Janė Narvilienė,12192.0,,52607.0,,,,26436.0
Leonas Kniukšta,0.0,,24450.0,,,,4284.0
Gintautas Jaras,337.0,,4902.0,,,,2946.0
Regina Vengalienė,0.0,,30546.0,,,,0.0
Edmundas Untulis,615.0,,2493.0,,,,2624.0
Odeta Šiaulienė,977.0,,8000.0,,,,3315.0
Juozas Egidijus Simokaitis,1277.0,,56496.0,,,,6621.0
Leonas Norkus,516.0,,0.0,,,,1460.0
Vaclovas Lapė,4510.0,,2220.0,,,,16229.0
Romualdas Aloyzas Kalvaitis,2412.0,,59400.0,,,,10077.0
Vytautas Juozas Jarmolavičius,784.0,,81382.0,,,,2667.0
Steponas Varkalys,941.0,,201.0,,,,4423.0
Nijolė Vaitiekūnienė,2443.0,,46366.0,,,,6633.0
Stanislovas Šiukšta,1713.0,,7191.0,,,,4687.0
Algis Žvaliauskas,2555.0,,0.0,,,,6946.0
Ona Suncovienė,2892.0,,34687.0,,,,7735.0
Kazimieras Uoka,4199.0,,30000.0,,,,13794.0
Vytautas Vidmantas Zimnickas,5093.0,,7030.0,,,,15530.0
Viktoras Zažeckis,1819.0,,64000.0,,,,6014.0
Vytenis Albertas Zabukas,5482.0,,188.0,,,,12088.0
Vytautas Makaras,4010.0,,276232.0,,,,11975.0
Šarūnas Jagminas,13355.0,,66191.0,,,,38072.0
Marijus Juozas Eidukevičius,3411.0,,25590.0,,,,8861.0
Vytautas Čepas,7298.0,,171188.0,,,,19410.0
Vida Bortelienė,1290.0,,1000.0,,,,7740.0
Romualdas Ignas Bloškys,4837.0,,53868.0,,,,21442.0
Algimantas Sėjūnas,2381.0,,44164.0,,,,5767.0
Romas Mikšys,1600.0,,4000.0,,,,9000.0
Valentinas Mazuronis,2540.0,,164475.0,,,,15399.0
Rimantas Krankalis,2511.0,,0.0,,,,9066.0
Mindaugas Končius,0.0,,70864.0,,,,0.0
Povilas Kiaulakys,809.0,,25599.0,,,,20822.0
Ona Karkauskaitė,0.0,,0.0,,,,960.0
Vytautas Juškus,5728.0,,122425.0,,,,88762.0
Edmundas Jovaišis,6481.0,,862149.0,,,,17046.0
Kristina Janavičienė,837.0,,77332.0,,,,2770.0
Roma Dovydėnienė,1984.0,,6583.0,,,,6447.0
Stanislovas Ambrasas,8889.0,,61922.0,,,,19395.0
Ignacas Vienažindis,2084.0,,5929.0,,,,5872.0
Eleodoras Šveikauskas,815.0,,43200.0,,,,6669.0
Viktoras Algimantas Soblys,4505.0,,250653.0,,,,14074.0
Lina Rasikevičienė,2511.0,,0.0,,,,5225.0
Mindaugas Ramanauskas,0.0,,37791.0,,,,1000.0
Petras Luomanas,3100.0,,18371.0,,,,12371.0
Viktoras Lukoševičius,3884.0,,96850.0,,,,25320.0
Mečys Laurinkus,2974.0,,507.0,,,,6921.0
Genovaitė Inčiūrienė,2739.0,,35365.0,,,,8518.0
Evaldas Leonardas Garška,2695.0,,2121.0,,,,9257.0
Algirdas Blažys,2159.0,,31504.0,,,,4834.0
Gintaras Balčiūnas,1389.0,,94040.0,,,,6314.0
Marijona Regina Astrauskienė,1685.0,,58632.0,,,,9014.0
Dainius Šipelis,1082.0,,0.0,,,,3448.0
Angelė Steponavičienė,1530.0,,31669.0,,,,4388.0
Antanas Slučka,1677.0,,2000.0,,,,4977.0
Alvilina Rimševičienė,439.0,,734000.0,,,,18353.0
Raimundas Leonas Rajeckas,18510.0,,64483.0,,,,40723.0
Alfredas Pekeliūnas,13066.0,,5177649.0,,,,76577.0
Petras Mackela,5748.0,,69357.0,,,,13324.0
Vaidotas Krisiūnas,3172.0,,125186.0,,,,7472.0
Jeronimas Kraujelis,10261.0,,10441.0,,,,21920.0
Vidmantas Kisielis,1500.0,,37150.0,,,,38057.0
Zenius Jonas Jurgelaitis,199.0,,42898.0,,,,1412.0
Vytautas Rapolas Gritėnas,4614.0,,139227.0,,,,15621.0
Julius Beinortas,4963.0,,45581.0,,,,10780.0
Vytautas Kazimieras Adomaitis,793.0,,136410.0,,,,24970.0
Julius Sabatauskas,3349.0,,4721.0,,,,9540.0
Vytautas Nedzinskas,2784.0,,19337.0,,,,8085.0
Albinas Minkevičius,1922.0,,8233.0,,,,6854.0
Elvyra Marcinkevičiūtė,0.0,,40573.0,,,,0.0
Vytautas Kolesnikovas,620.0,,0.0,,,,2000.0
Stasys Kizelavičius,351.0,,48.0,,,,4147.0
Gema Jurkūnaitė,4199.0,,0.0,,,,17993.0
Kęstutis Glaveckas,8882.0,,61488.0,,,,19405.0
Visvaldas Dumbliauskas,1008.0,,100000.0,,,,3190.0
Algimantas Straleckas,1852.0,,0.0,,,,0.0
Justinas Skuminas,3959.0,,0.0,,,,9357.0
Gintautas Oleka,2754.0,,77000.0,,,,9720.0
Benjaminas Mašalaitis,1154.0,,0.0,,,,6162.0
Daiva Kvedaraitė,2174.0,,0.0,,,,6312.0
Gedeminas Kuncaitis,1295.0,,0.0,,,,3861.0
Kęstutis Kubertavičius,4837.0,,0.0,,,,15905.0
Algirdas Endriukaitis,4198.0,,23186.0,,,,9796.0
Kazys Bobelis,6600.0,,235613.0,,,,14143.0
Valentinas Aleksa,68.0,,48914.0,,,,761.0
Gediminas Akelaitis,2921.0,,2000.0,,,,7191.0
Audronė Pintverienė,0.0,,35000.0,,,,1058.0
Juozapas Paliakas,3971.0,,73324.0,,,,40044.0
Bronislavas Juozas Kuzmickas,4179.0,,12991.0,,,,15265.0
Gintautas Kniukšta,1909.0,,4614.0,,,,11087.0
Gražina Kavaliauskienė,5344.0,,10072.0,,,,11708.0
Petras Gražulis,1576.0,,95500.0,,,,89004.0
Vanda Briedienė,4199.0,,10325.0,,,,16794.0
Kazimieras Antanavičius,4199.0,,61879.0,,,,13794.0
Petras Adomaitis,1125.0,,27450.0,,,,8000.0
Regina Rekešienė,1331.0,,35390.0,,,,9494.0
Bronius Pauža,6876.0,,44974.0,,,,15690.0
Laimutis Norgėla,784.0,,0.0,,,,14666.0
Vygaudas Molis,1963.0,,14000.0,,,,5947.0
Stasys Mėlinauskas,2463.0,,0.0,,,,10786.0
Virginijus Martišauskas,3295.0,,17826.0,,,,22674.0
Vitalijus Laktionkinas,1934.0,,6410.0,,,,5465.0
Alfredas Janušauskas,1803.0,,58782.0,,,,4647.0
Aldona Dlugoborskienė,123.0,,65813.0,,,,1314.0
Irena Čižauskienė,2008.0,,0.0,,,,6245.0
Vidmantas Adomonis,3950.0,,207.0,,,,10434.0
Zigmas Tadas Urbonas,3016.0,,1182.0,,,,11843.0
Vaclovas Algirdas Mišeikis,4378.0,,46383.0,,,,18829.0
Valentinas Mačiulis,4199.0,,85019.0,,,,23963.0
Kazimieras Vytautas Kryževičius,4198.0,,5743.0,,,,17603.0
Zita Bendinskienė,0.0,,672.0,,,,1605.0
Alfonsas Bartkus,3352.0,,2651.0,,,,8157.0
Kęstutis Balčiūnas,0.0,,9324.0,,,,1758.0
Aivydas Keršulis,4029.0,,15000.0,,,,9683.0
Jonas Vitkauskas,732.0,,21660.0,,,,2568.0
Alfonsas Vaišnoras,4199.0,,1700.0,,,,13794.0
Arūnas Stankevičius,542.0,,55000.0,,,,36544.0
Petras Algimantas Skučas,405.0,,1679.0,,,,3486.0
Stanislovas Sajauskas,2459.0,,32297.0,,,,8793.0
Modestas Rolandas Patašius,521.0,,7.0,,,,4139.0
Stasys Pancerna,0.0,,2705.0,,,,3007.0
Julius Nekroševičius,220.0,,10000.0,,,,1976.0
Remigijus Kaniauskas,1954.0,,0.0,,,,5116.0
Evaldas Gustas,2266.0,,31119.0,,,,6321.0
Danielius Bučinskas,3644.0,,100442.0,,,,8413.0
Alvydas Banevičius,240.0,,87228.0,,,,21482.0
Kazys Babilius,39.0,,17460.0,,,,1381.0
Rolandas Asauskas,2171.0,,12231.0,,,,7253.0
Henrikas Andziulevičius,141.0,,69304.0,,,,1795.0
